T,3024,
T,ashes,
T,base16-atelier-cave,
T,base16-atelier-dune,
T,base16-atelier-estuary,
T,base16-atelier-forest,
T,base16-atelier-heath,
T,base16-atelier-lakeside,
T,base16-atelier-plateau,
T,base16-atelier-savanna,
T,base16-atelier-seaside,
T,base16-atelier-sulphurpool,
T,base16-classic,
T,base16-cupcake,
T,base16-cupertino,
T,base16-default,
T,base16-github,
T,base16-google,
T,base16-grayscale,
T,base16-gruvbox-hard,
T,base16-gruvbox-medium,
T,base16-gruvbox-soft,
T,base16-harmonic,
T,base16-materialer,
T,base16-mexico,
T,base16-one,
T,base16-shapeshifter,
T,base16-solarized,
T,base16-summerfruit,
T,base16-tomorrow,
T,base16-unikitty,
T,github,
T,sexy-mostly-bright,
T,solarized,
T,tempus_dawn,
T,tempus_fugit,
T,tempus_past,
T,tempus_totus,
